condition_name,total_time,avg_memory_mb,avg_cpu_percent,avg_ram_mb,avg_energy_j
Stroke,18.73912286758423,55.621907552083336,16.53402777777778,9367.94615342882,1.6534027777777778
Myocardial infarction (disorder),18.61210799217224,56.05504014756944,16.40763888888889,9163.117024739584,1.640763888888889
Suspected lung cancer (situation),19.014781951904297,56.282443576388886,11.355555555555547,9176.826199001736,1.1355555555555552
Non-small cell lung cancer (disorder),18.456244945526123,54.699625651041664,22.610416666666666,9149.186957465277,2.2610416666666664
Seizure disorder,18.666445016860962,52.798122829861114,20.288888888888884,9201.70081922743,2.028888888888888
